ticker,name,sector,group_id,risk_tag,mdd_3y,volatility_1y,expense_ratio,listed_date,delisted_date,is_leveraged,active,country
069500,KODEX 200,기타,EQUITY,G3,-0.409289,0.606388,,2002-10-14,,false,true,한국
122630,KODEX 레버리지,기타,EQUITY,G1,-0.683703,1.208644,,2010-02-22,,true,true,한국
102110,TIGER 200,기타,EQUITY,G3,-0.407147,0.607428,,2008-04-03,,false,true,한국
360750,TIGER 미국S&P500,기타,EQUITY,G3,-0.193153,0.133886,,2020-08-07,,false,true,미국
114800,KODEX 인버스,기타,EQUITY,G1,-0.830952,0.604872,,2009-09-16,,true,true,한국
133690,TIGER 미국나스닥100,기타,EQUITY,G3,-0.242614,0.185787,,2010-10-18,,false,true,미국
379810,KODEX 미국나스닥100,기타,EQUITY,G3,-0.242580,0.185954,,2021-04-09,,false,true,미국
252670,KODEX 200선물인버스2X,기타,EQUITY,G1,-0.980096,1.202103,,2016-09-22,,true,true,한국
379800,KODEX 미국S&P500,기타,EQUITY,G3,-0.191595,0.133611,,2021-04-09,,false,true,미국
233740,KODEX 코스닥150레버리지,기타,EQUITY,G1,-0.800774,1.093149,,2015-12-17,,true,true,한국
229200,KODEX 코스닥150,기타,EQUITY,G3,-0.497393,0.562823,,2015-10-01,,false,true,한국
396500,TIGER 반도체TOP10,반도체,EQUITY,G2,-0.525058,0.777048,,2021-08-10,,false,true,한국
091160,KODEX 반도체,반도체,EQUITY,G2,-0.502641,0.749998,,2006-06-27,,false,true,한국
232080,TIGER 코스닥150,기타,EQUITY,G3,-0.496864,0.553275,,2015-11-12,,false,true,한국
395160,KODEX AI반도체TOP2플러스,반도체,EQUITY,G2,-0.536508,0.783281,,2021-07-30,,false,true,한국
251340,KODEX 코스닥150선물인버스,기타,EQUITY,G1,-0.567865,0.575987,,2016-08-10,,true,true,한국
148020,RISE 200,기타,EQUITY,G3,-0.408708,0.605901,,2011-10-20,,false,true,한국
381180,TIGER 미국필라델피아반도체나스닥,반도체,EQUITY,G2,-0.400698,0.425092,,2021-04-09,,false,true,미국
395270,HANARO Fn K-반도체,반도체,EQUITY,G2,-0.534998,0.766267,,2021-07-30,,false,true,한국
305720,KODEX 2차전지산업,2차전지,EQUITY,G2,-0.665804,0.601827,,2018-09-12,,false,true,한국
442580,PLUS 글로벌HBM반도체,반도체,EQUITY,G2,-0.465622,0.726685,,2022-09-22,,false,true,기타
139260,TIGER 200 IT,반도체,EQUITY,G2,-0.525409,0.754935,,2011-04-06,,false,true,한국
152100,PLUS 200,기타,EQUITY,G3,-0.407702,0.597077,,2012-01-10,,false,true,한국
243880,TIGER 200IT레버리지,반도체,EQUITY,G1,-0.800000,1.499381,,2016-05-13,,true,true,한국
278530,KODEX 200TR,기타,EQUITY,G3,-0.406241,0.596145,,2017-11-21,,false,true,한국
228790,TIGER 화장품,소비재,EQUITY,G2,-0.334740,0.408281,,2015-10-07,,false,true,한국
226490,KODEX 코스피,기타,EQUITY,G3,-0.386492,0.542997,,2015-08-24,,false,true,한국
364980,TIGER 2차전지TOP10,2차전지,EQUITY,G2,-0.660278,0.596395,,2020-10-07,,false,true,한국
426030,TIME 미국나스닥100액티브,기타,EQUITY,G3,-0.350429,0.431733,,2022-05-11,,false,true,미국
390390,KODEX 미국반도체,반도체,EQUITY,G2,-0.369837,0.371321,,2021-06-30,,false,true,미국
411060,ACE KRX금현물,기타,COMMODITY,G2,-0.320929,0.343887,,2021-12-15,,false,true,기타
248260,TIGER 일본TOPIX헬스케어(합성),바이오와헬스케어,EQUITY,G2,,,,2016-07-01,2022-12-20,false,false,기타
098560,TIGER 방송통신,기타,EQUITY,G2,,,,2007-09-07,2025-12-03,false,false,한국
301410,PLUS 코스닥150선물인버스,기타,EQUITY,G1,,,,2018-07-11,2026-06-24,true,false,한국
148070,KIWOOM 국고채10년,기타,BOND,G5,-0.145010,0.069604,,2011-10-20,,false,true,한국
114260,KODEX 국고채3년,기타,BOND,G5,-0.033795,0.027410,,2009-07-29,,false,true,한국
273130,KODEX 종합채권(AA-이상)액티브,기타,BOND,G5,-0.090150,0.043000,,2017-06-29,,false,true,한국
438330,TIGER 우량회사채액티브,기타,BOND,G5,-0.033052,0.027853,,2022-08-23,,false,true,한국
305080,TIGER 미국채10년선물,기타,BOND,G5,-0.158872,0.098332,,2018-08-30,,false,true,미국
132030,KODEX 골드선물(H),기타,COMMODITY,G2,-0.304903,0.323719,,2010-10-01,,false,true,기타
310970,TIGER MSCI Korea TR,기타,EQUITY,G3,,,,,,false,true,한국
360200,ACE 미국S&P500,기타,EQUITY,G3,,,,,,false,true,미국
381170,TIGER 미국테크TOP10 INDXX,인터넷과플랫폼,EQUITY,G2,,,,,,false,true,미국
423160,KODEX KOFR금리액티브(합성),기타,BOND,G6,,,,,,false,true,한국
367380,ACE 미국나스닥100,기타,EQUITY,G3,,,,,,false,true,미국
357870,TIGER CD금리투자KIS(합성),기타,BOND,G6,,,,,,false,true,한국
102780,KODEX 삼성그룹,기타,EQUITY,G2,,,,,,false,true,한국
278540,KODEX MSCI Korea TR,기타,EQUITY,G3,,,,,,false,true,한국
161510,PLUS 고배당주,기타,EQUITY,G3,,,,,,false,true,한국
385540,RISE 종합채권(A-이상)액티브,기타,BOND,G5,,,,,,false,true,한국
284430,KODEX 200미국채혼합50,기타,BOND,G4,,,,,,false,true,미국
292150,TIGER 코리아TOP10,기타,EQUITY,G3,,,,,,false,true,한국
214980,KODEX 단기채권PLUS,기타,BOND,G6,,,,,,false,true,한국
294400,KIWOOM 200TR,기타,EQUITY,G3,,,,,,false,true,한국
105190,ACE 200,기타,EQUITY,G3,,,,,,false,true,한국
368590,RISE 미국나스닥100,기타,EQUITY,G3,,,,,,false,true,미국
329200,TIGER 리츠부동산인프라,기타,EQUITY,G2,,,,,,false,true,한국
379780,RISE 미국S&P500,기타,EQUITY,G3,,,,,,false,true,미국
091230,TIGER 반도체,반도체,EQUITY,G2,,,,,,false,true,한국
157450,TIGER 단기통안채,기타,BOND,G6,,,,,,false,true,한국
356540,ACE 종합채권(AA-이상)액티브,기타,BOND,G5,,,,,,false,true,한국
295040,SOL 200TR,기타,EQUITY,G3,,,,,,false,true,한국
402970,ACE 미국배당다우존스,기타,EQUITY,G3,,,,,,false,true,미국
315930,KODEX Top5PlusTR,기타,EQUITY,G3,,,,,,false,true,한국
237350,KODEX 코스피100,기타,EQUITY,G3,,,,,,false,true,한국
305540,TIGER 2차전지테마,2차전지,EQUITY,G2,,,,,,false,true,한국
153130,KODEX 단기채권,기타,BOND,G6,,,,,,false,true,한국
144600,KODEX 은선물(H),기타,COMMODITY,G2,,,,,,false,true,기타
272580,TIGER 단기채권액티브,기타,BOND,G6,,,,,,false,true,한국
069660,KIWOOM 200,기타,EQUITY,G3,,,,,,false,true,한국
434730,HANARO 원자력iSelect,기타,EQUITY,G2,,,,,,false,true,한국
329750,TIGER 미국달러단기채권액티브,기타,BOND,G5,,,,,,false,true,미국
367760,RISE 네트워크인프라,기타,EQUITY,G2,,,,,,false,true,한국
290130,RISE ESG사회책임투자,기타,EQUITY,G3,,,,,,false,true,한국
371460,TIGER 차이나전기차SOLACTIVE,2차전지,EQUITY,G2,,,,,,false,true,기타
314250,KODEX 미국빅테크10(H),인터넷과플랫폼,EQUITY,G2,,,,,,false,true,미국
