ticker,name,risk_tag,risk_tag_method,ann_vol,asset_group,sector_group,country_group,marcap_eok,first_date
069500,KODEX 200,G3,3.5y_daily_volatility (2022-06-01~2025-12-31),0.1984,EQUITY,SECTOR_OTHER,COUNTRY_KR,253159,2022-06-02
360750,TIGER 미국S&P500,G3,3.5y_daily_volatility (2022-06-01~2025-12-31),0.1638,EQUITY,SECTOR_OTHER,COUNTRY_US,209149,2022-06-02
133690,TIGER 미국나스닥100,G2,3.5y_daily_volatility (2022-06-01~2025-12-31),0.2116,EQUITY,SECTOR_OTHER,COUNTRY_US,118576,2022-06-02
379800,KODEX 미국S&P500,G3,3.5y_daily_volatility (2022-06-01~2025-12-31),0.1626,EQUITY,SECTOR_OTHER,COUNTRY_US,103804,2022-06-02
102110,TIGER 200,G3,3.5y_daily_volatility (2022-06-01~2025-12-31),0.1986,EQUITY,SECTOR_OTHER,COUNTRY_KR,101124,2022-06-02
396500,TIGER 반도체TOP10,G1,3.5y_daily_volatility (2022-06-01~2025-12-31),0.3248,EQUITY,SECTOR_SEMICONDUCTOR,COUNTRY_KR,98272,2022-06-02
379810,KODEX 미국나스닥100,G2,3.5y_daily_volatility (2022-06-01~2025-12-31),0.2103,EQUITY,SECTOR_OTHER,COUNTRY_US,94300,2022-06-02
278530,KODEX 200TR,G3,3.5y_daily_volatility (2022-06-01~2025-12-31),0.1962,EQUITY,SECTOR_OTHER,COUNTRY_KR,76895,2022-06-02
381180,TIGER 미국필라델피아반도체나스닥,G1,3.5y_daily_volatility (2022-06-01~2025-12-31),0.3436,EQUITY,SECTOR_SEMICONDUCTOR,COUNTRY_US,57281,2022-06-02
091160,KODEX 반도체,G1,3.5y_daily_volatility (2022-06-01~2025-12-31),0.3285,EQUITY,SECTOR_SEMICONDUCTOR,COUNTRY_KR,56852,2022-06-02
229200,KODEX 코스닥150,G1,3.5y_daily_volatility (2022-06-01~2025-12-31),0.2915,EQUITY,SECTOR_OTHER,COUNTRY_KR,46254,2022-06-02
310970,TIGER MSCI Korea TR,G2,3.5y_daily_volatility (2022-06-01~2025-12-31),0.2043,EQUITY,SECTOR_OTHER,COUNTRY_KR,45317,2022-06-02
148020,RISE 200,G3,3.5y_daily_volatility (2022-06-01~2025-12-31),0.1983,EQUITY,SECTOR_OTHER,COUNTRY_KR,44696,2022-06-02
411060,ACE KRX금현물,G3,3.5y_daily_volatility (2022-06-01~2025-12-31),0.1878,COMMODITY,SECTOR_OTHER,COUNTRY_OTHER,40848,2022-06-02
395160,KODEX AI반도체TOP2플러스,G1,3.5y_daily_volatility (2022-06-01~2025-12-31),0.3202,EQUITY,SECTOR_SEMICONDUCTOR,COUNTRY_KR,40341,2022-06-02
360200,ACE 미국S&P500,G3,3.5y_daily_volatility (2022-06-01~2025-12-31),0.1611,EQUITY,SECTOR_OTHER,COUNTRY_US,40060,2022-06-02
381170,TIGER 미국테크TOP10 INDXX,G1,3.5y_daily_volatility (2022-06-01~2025-12-31),0.2601,EQUITY,SECTOR_INTERNET_PLATFORM,COUNTRY_US,39119,2022-06-02
423160,KODEX KOFR금리액티브(합성),G6,3.5y_daily_volatility (2022-06-01~2025-12-31),0.0014,BOND,SECTOR_OTHER,COUNTRY_KR,36344,2022-06-02
395270,HANARO Fn K-반도체,G1,3.5y_daily_volatility (2022-06-01~2025-12-31),0.3005,EQUITY,SECTOR_SEMICONDUCTOR,COUNTRY_KR,36003,2022-06-02
367380,ACE 미국나스닥100,G2,3.5y_daily_volatility (2022-06-01~2025-12-31),0.2111,EQUITY,SECTOR_OTHER,COUNTRY_US,35262,2022-06-02
273130,KODEX 종합채권(AA-이상)액티브,G6,3.5y_daily_volatility (2022-06-01~2025-12-31),0.0399,BOND,SECTOR_OTHER,COUNTRY_KR,35146,2022-06-02
357870,TIGER CD금리투자KIS(합성),G6,3.5y_daily_volatility (2022-06-01~2025-12-31),0.0019,BOND,SECTOR_OTHER,COUNTRY_KR,33797,2022-06-02
102780,KODEX 삼성그룹,G3,3.5y_daily_volatility (2022-06-01~2025-12-31),0.1947,EQUITY,SECTOR_OTHER,COUNTRY_KR,32851,2022-06-02
139260,TIGER 200 IT,G1,3.5y_daily_volatility (2022-06-01~2025-12-31),0.277,EQUITY,SECTOR_INTERNET_PLATFORM,COUNTRY_KR,26734,2022-06-02
426030,TIME 미국나스닥100액티브,G1,3.5y_daily_volatility (2022-06-01~2025-12-31),0.2878,EQUITY,SECTOR_OTHER,COUNTRY_US,25797,2022-06-02
278540,KODEX MSCI Korea TR,G2,3.5y_daily_volatility (2022-06-01~2025-12-31),0.2045,EQUITY,SECTOR_OTHER,COUNTRY_KR,23919,2022-06-02
161510,PLUS 고배당주,G3,3.5y_daily_volatility (2022-06-01~2025-12-31),0.1718,EQUITY,SECTOR_OTHER,COUNTRY_KR,23841,2022-06-02
385540,RISE 종합채권(A-이상)액티브,G6,3.5y_daily_volatility (2022-06-01~2025-12-31),0.0427,BOND,SECTOR_OTHER,COUNTRY_KR,21806,2022-06-02
284430,KODEX 200미국채혼합50,G5,3.5y_daily_volatility (2022-06-01~2025-12-31),0.0805,BOND,SECTOR_OTHER,COUNTRY_US,20216,2022-06-02
292150,TIGER 코리아TOP10,G2,3.5y_daily_volatility (2022-06-01~2025-12-31),0.2374,EQUITY,SECTOR_OTHER,COUNTRY_KR,19229,2022-06-02
214980,KODEX 단기채권PLUS,G6,3.5y_daily_volatility (2022-06-01~2025-12-31),0.0025,BOND,SECTOR_OTHER,COUNTRY_KR,18279,2022-06-02
294400,KIWOOM 200TR,G3,3.5y_daily_volatility (2022-06-01~2025-12-31),0.1976,EQUITY,SECTOR_OTHER,COUNTRY_KR,18171,2022-06-02
305720,KODEX 2차전지산업,G1,3.5y_daily_volatility (2022-06-01~2025-12-31),0.4054,EQUITY,SECTOR_BATTERY,COUNTRY_KR,17311,2022-06-02
105190,ACE 200,G3,3.5y_daily_volatility (2022-06-01~2025-12-31),0.1984,EQUITY,SECTOR_OTHER,COUNTRY_KR,16875,2022-06-02
368590,RISE 미국나스닥100,G2,3.5y_daily_volatility (2022-06-01~2025-12-31),0.2119,EQUITY,SECTOR_OTHER,COUNTRY_US,15992,2022-06-02
329200,TIGER 리츠부동산인프라,G4,3.5y_daily_volatility (2022-06-01~2025-12-31),0.1157,EQUITY,SECTOR_OTHER,COUNTRY_KR,15636,2022-06-02
379780,RISE 미국S&P500,G3,3.5y_daily_volatility (2022-06-01~2025-12-31),0.164,EQUITY,SECTOR_OTHER,COUNTRY_US,15029,2022-06-02
152100,PLUS 200,G3,3.5y_daily_volatility (2022-06-01~2025-12-31),0.1988,EQUITY,SECTOR_OTHER,COUNTRY_KR,14916,2022-06-02
226490,KODEX 코스피,G3,3.5y_daily_volatility (2022-06-01~2025-12-31),0.1845,EQUITY,SECTOR_OTHER,COUNTRY_KR,14402,2022-06-02
232080,TIGER 코스닥150,G1,3.5y_daily_volatility (2022-06-01~2025-12-31),0.2909,EQUITY,SECTOR_OTHER,COUNTRY_KR,13744,2022-06-02
091230,TIGER 반도체,G1,3.5y_daily_volatility (2022-06-01~2025-12-31),0.326,EQUITY,SECTOR_SEMICONDUCTOR,COUNTRY_KR,13651,2022-06-02
157450,TIGER 단기통안채,G6,3.5y_daily_volatility (2022-06-01~2025-12-31),0.0273,BOND,SECTOR_OTHER,COUNTRY_KR,13000,2022-06-02
390390,KODEX 미국반도체,G1,3.5y_daily_volatility (2022-06-01~2025-12-31),0.3408,EQUITY,SECTOR_SEMICONDUCTOR,COUNTRY_US,12744,2022-06-02
356540,ACE 종합채권(AA-이상)액티브,G6,3.5y_daily_volatility (2022-06-01~2025-12-31),0.0432,BOND,SECTOR_OTHER,COUNTRY_KR,11366,2022-06-02
295040,SOL 200TR,G2,3.5y_daily_volatility (2022-06-01~2025-12-31),0.2003,EQUITY,SECTOR_OTHER,COUNTRY_KR,10203,2022-06-02
402970,ACE 미국배당다우존스,G4,3.5y_daily_volatility (2022-06-01~2025-12-31),0.1473,EQUITY,SECTOR_OTHER,COUNTRY_US,9680,2022-06-02
315930,KODEX Top5PlusTR,G2,3.5y_daily_volatility (2022-06-01~2025-12-31),0.2312,EQUITY,SECTOR_OTHER,COUNTRY_KR,9612,2022-06-02
237350,KODEX 코스피100,G3,3.5y_daily_volatility (2022-06-01~2025-12-31),0.1977,EQUITY,SECTOR_OTHER,COUNTRY_KR,9470,2022-06-02
305540,TIGER 2차전지테마,G1,3.5y_daily_volatility (2022-06-01~2025-12-31),0.4103,EQUITY,SECTOR_BATTERY,COUNTRY_KR,9331,2022-06-02
153130,KODEX 단기채권,G6,3.5y_daily_volatility (2022-06-01~2025-12-31),0.0044,BOND,SECTOR_OTHER,COUNTRY_KR,8070,2022-06-02
144600,KODEX 은선물(H),G1,3.5y_daily_volatility (2022-06-01~2025-12-31),0.3066,COMMODITY,SECTOR_OTHER,COUNTRY_OTHER,7909,2022-06-02
272580,TIGER 단기채권액티브,G6,3.5y_daily_volatility (2022-06-01~2025-12-31),0.0026,BOND,SECTOR_OTHER,COUNTRY_KR,7882,2022-06-02
069660,KIWOOM 200,G3,3.5y_daily_volatility (2022-06-01~2025-12-31),0.1999,EQUITY,SECTOR_OTHER,COUNTRY_KR,7543,2022-06-02
434730,HANARO 원자력iSelect,G1,3.5y_daily_volatility (2022-06-01~2025-12-31),0.3316,EQUITY,SECTOR_OTHER,COUNTRY_KR,7073,2022-06-28
329750,TIGER 미국달러단기채권액티브,G5,3.5y_daily_volatility (2022-06-01~2025-12-31),0.0972,BOND,SECTOR_OTHER,COUNTRY_US,7037,2022-06-02
364980,TIGER 2차전지TOP10,G1,3.5y_daily_volatility (2022-06-01~2025-12-31),0.4176,EQUITY,SECTOR_BATTERY,COUNTRY_KR,6975,2022-06-02
367760,RISE 네트워크인프라,G1,3.5y_daily_volatility (2022-06-01~2025-12-31),0.2995,EQUITY,SECTOR_OTHER,COUNTRY_KR,6833,2022-06-02
290130,RISE ESG사회책임투자,G2,3.5y_daily_volatility (2022-06-01~2025-12-31),0.2103,EQUITY,SECTOR_OTHER,COUNTRY_KR,6823,2022-06-02
371460,TIGER 차이나전기차SOLACTIVE,G1,3.5y_daily_volatility (2022-06-01~2025-12-31),0.2891,EQUITY,SECTOR_BATTERY,COUNTRY_OTHER,6807,2022-06-02
314250,KODEX 미국빅테크10(H),G1,3.5y_daily_volatility (2022-06-01~2025-12-31),0.3008,EQUITY,SECTOR_INTERNET_PLATFORM,COUNTRY_US,6613,2022-06-02
